,Normal,Fault,accuracy,macro avg,weighted avg
precision,0.9990202482037883,0.5667337357478203,0.9606571037438247,0.7828769919758043,0.976892612901596
recall,0.9594755661501788,0.9825581395348837,0.9606571037438247,0.9710168528425313,0.9606571037438247
f1-score,0.978848676842341,0.7188430455125479,0.9606571037438247,0.8488458611774444,0.9655396569659276
support,15941.0,860.0,0.9606571037438247,16801.0,16801.0
