,Normal,Fault,accuracy,macro avg,weighted avg
precision,1.0,0.8829568788501027,0.9932146896018094,0.9414784394250513,0.9940088635087845
recall,0.9928486293206198,1.0,0.9932146896018094,0.9964243146603099,0.9932146896018094
f1-score,0.9964114832535885,0.9378407851690295,0.9932146896018094,0.967126134211309,0.9934133997851807
support,15941.0,860.0,0.9932146896018094,16801.0,16801.0
