,Normal,Fault,accuracy,macro avg,weighted avg
precision,1.0,0.9662921348314607,0.9982143920004761,0.9831460674157304,0.9982745810341679
recall,0.9981180603475315,1.0,0.9982143920004761,0.9990590301737657,0.9982143920004761
f1-score,0.9990581439156097,0.9828571428571429,0.9982143920004761,0.9909576433863763,0.9982288563190213
support,15941.0,860.0,0.9982143920004761,16801.0,16801.0
