,Normal,Fault,accuracy,macro avg,weighted avg
precision,1.0,0.9929078014184397,0.9996428784000952,0.9964539007092199,0.9996454111773995
recall,0.9996240837040286,1.0,0.9996428784000952,0.9998120418520142,0.9996428784000952
f1-score,0.9998120065171074,0.99644128113879,0.9996428784000952,0.9981266438279488,0.9996434802795153
support,15961.0,840.0,0.9996428784000952,16801.0,16801.0
