,Normal,Fault,accuracy,macro avg,weighted avg
precision,0.9999373512091216,1.0,0.9999404797333492,0.9999686756045608,0.9999404834622219
recall,1.0,0.9988095238095238,0.9999404797333492,0.9994047619047619,0.9999404797333492
f1-score,0.9999686746233123,0.9994044073853484,0.9999404797333492,0.9996865410043303,0.999940462940681
support,15961.0,840.0,0.9999404797333492,16801.0,16801.0
