,Normal,Fault,accuracy,macro avg,weighted avg
precision,1.0,0.9230769230769231,0.9958335813344443,0.9615384615384616,0.9961540750779487
recall,0.9956143098803333,1.0,0.9958335813344443,0.9978071549401666,0.9958335813344443
f1-score,0.9978023358030893,0.96,0.9958335813344443,0.9789011679015447,0.9959123315131901
support,15961.0,840.0,0.9958335813344443,16801.0,16801.0
