,Normal,Fault,accuracy,macro avg,weighted avg
precision,1.0,0.9140369967355821,0.9952978989345872,0.9570184983677911,0.995702105663823
recall,0.9950504354363762,1.0,0.9952978989345872,0.9975252177181881,0.9952978989345872
f1-score,0.9975190779763213,0.9550881182490051,0.9952978989345872,0.9763035981126632,0.9953976562650574
support,15961.0,840.0,0.9952978989345872,16801.0,16801.0
