setting,pc1_var,pc2_var,pc12_var_sum,silhouette_pc12,n_samples
with_humidity,0.5749305977447258,0.1563584327865056,0.7312890305312314,0.40270508249617687,112001
without_humidity,0.6658768268528217,0.16686547239513372,0.8327422992479554,0.4161627477811115,112001
