factor,fault_rate,silhouette_pc12,rf_fault_recall
0.8,0.1232,0.3914020003719441,0.9891891891891892
0.9,0.0848,0.4222652712595205,1.0
1.0,0.05,0.40270508249617687,1.0
1.1,0.031,0.40619393496608136,1.0
1.2,0.0232,0.4118095113038169,1.0
