,PC1_loading,PC2_loading
acceleration,-0.005957368236616718,0.004114715900467754
energy,0.4428650585917606,-0.0002155081800266487
humidity,-0.09357550523052832,0.6986787834073682
motor_cycles,-0.09244746340939647,0.6990648259869043
revolutions,0.44328661671042635,0.07827201684686395
signal_strength,0.4444440483518107,0.05879618321300609
speed,0.44474513214081646,0.05292237188516084
temperature,0.4412486506940883,0.1037066638453727
