,PC1_loading,PC2_loading
acceleration,-0.0058566758151711,0.003050593851108102
energy,0.44195421514523364,0.005222565535458351
humidity,-0.09587173019683155,0.6885561710066662
motor_cycles,-0.09475592203731163,0.6889996245218957
revolutions,0.44186878864345525,0.0840004314694157
signal_strength,0.4430838471741099,0.06484218128387215
speed,0.4434155694923708,0.058988769996074095
temperature,0.43974373076273743,0.10908727249156894
vibration,-0.07006325452377672,0.15650254470043065
