,Normal,Fault,accuracy,macro avg,weighted avg
precision,1.0,0.9210526315789473,0.9957145408011427,0.9605263157894737,0.9960528665273685
recall,0.9954890044483429,1.0,0.9957145408011427,0.9977445022241714,0.9957145408011427
f1-score,0.9977394034536892,0.958904109589041,0.9957145408011427,0.9783217565213651,0.995797754334809
support,15961.0,840.0,0.9957145408011427,16801.0,16801.0
