,Normal,Fault,accuracy,macro avg,weighted avg
precision,0.9996242249639882,1.0,0.9996428784000952,0.9998121124819941,0.9996430125974772
recall,1.0,0.9928571428571429,0.9996428784000952,0.9964285714285714,0.9996428784000952
f1-score,0.9998120771736407,0.996415770609319,0.9996428784000952,0.9981139238914798,0.9996422719528782
support,15961.0,840.0,0.9996428784000952,16801.0,16801.0
