,Normal,Fault,accuracy,macro avg,weighted avg
precision,1.0,0.9261300992282249,0.9960121421343968,0.9630650496141124,0.9963067247992209
recall,0.9958022680283191,1.0,0.9960121421343968,0.9979011340141595,0.9960121421343968
f1-score,0.9978967195102809,0.9616485403548941,0.9960121421343968,0.9797726299325875,0.9960844184275761
support,15961.0,840.0,0.9960121421343968,16801.0,16801.0
