Model Name,accuracy,f1_macro,precision_macro,recall_macro,auc_roc,avg_precision
Random Forest,0.9999404797333492,0.9996865410043303,0.9999686756045608,0.9994047619047619,1.0,1.0
Neural Network (MLP),0.9996428784000952,0.9981139238914798,0.9998121124819941,0.9964285714285714,0.9999995524806,0.9999915569064506
