model,f1_macro_orig,auc_roc_orig,f1_macro_proc,auc_roc_proc,delta_f1,delta_auc
rf,1.0,1.0,0.9996865410043303,1.0,-0.00031345899566970203,0.0
mlp,0.9909576433863763,0.9999831500752047,0.9981139238914798,0.9999995524806,0.007156280505103529,1.640240539535487e-05
lr,0.8488458611774444,0.9950699016577116,0.9797726299325875,1.0,0.13092676875514309,0.004930098342288414
svm,0.967126134211309,0.9999092584136562,0.9783217565213651,1.0,0.011195622310056108,9.074158634381213e-05
