,Normal,Fault,accuracy,macro avg,weighted avg
precision,1.0,0.0,0.9969926696322285,0.5,1.0
recall,0.9969926696322285,0.0,0.9969926696322285,0.4984963348161143,0.9969926696322285
f1-score,0.9984940704022087,0.0,0.9969926696322285,0.49924703520110436,0.9984940704022087
support,15961.0,0.0,0.9969926696322285,15961.0,15961.0
