,Normal,Fault,accuracy,macro avg,weighted avg
precision,1.0,0.0,0.9972432804962095,0.5,1.0
recall,0.9972432804962095,0.0,0.9972432804962095,0.49862164024810474,0.9972432804962095
f1-score,0.9986197377501725,0.0,0.9972432804962095,0.49930986887508627,0.9986197377501725
support,15961.0,0.0,0.9972432804962095,15961.0,15961.0
