Model Name,accuracy,f1_macro,precision_macro,recall_macro,auc_roc,avg_precision
Random Forest,0.9999404797333492,0.9996865410043303,0.9999686756045608,0.9994047619047619,1.0,1.0
Neural Network (MLP),0.9996428784000952,0.9981266438279488,0.9964539007092199,0.9998120418520142,1.0,1.0
